{"cameraMode":{"drawMode":0,"name":"Shaded","section":"Shading Mode"},"sceneLighting":true,"audioPlay":false,"sceneViewState":{"m_AlwaysRefresh":false,"showFog":true,"showSkybox":true,"showFlares":true,"showImageEffects":true,"showParticleSystems":true,"showVisualEffectGraphs":true,"m_FxEnabled":true},"in2DMode":false,"pivot":{"x":64.22443389892578,"y":11.106067657470704,"z":-22.413700103759767},"rotation":{"x":0.0063234479166567329,"y":-0.9918411374092102,"z":0.11506977677345276,"w":0.0545048825442791},"size":106.98983764648438,"orthographic":false}