{"cameraMode":{"drawMode":0,"name":"Shaded","section":"Shading Mode"},"sceneLighting":true,"audioPlay":false,"sceneViewState":{"m_AlwaysRefresh":false,"showFog":true,"showSkybox":true,"showFlares":true,"showImageEffects":true,"showParticleSystems":true,"showVisualEffectGraphs":true,"m_FxEnabled":true},"in2DMode":false,"pivot":{"x":86.33476257324219,"y":-35.06209945678711,"z":107.00345611572266},"rotation":{"x":0.11886784434318543,"y":0.32848724722862246,"z":-0.04171302169561386,"w":0.9360707402229309},"size":78.61830139160156,"orthographic":false}