{"cameraMode":{"drawMode":0,"name":"Shaded","section":"Shading Mode"},"sceneLighting":true,"audioPlay":false,"sceneViewState":{"m_AlwaysRefresh":true,"showFog":true,"showSkybox":true,"showFlares":true,"showImageEffects":true,"showParticleSystems":true,"showVisualEffectGraphs":true,"m_FxEnabled":true},"in2DMode":false,"pivot":{"x":1.3573694229125977,"y":1.8886969089508057,"z":3.8202476501464845},"rotation":{"x":-0.06766657531261444,"y":0.052247174084186557,"z":-0.0035344245843589308,"w":-0.996350884437561},"size":2.2489891052246095,"orthographic":false}