{"cameraMode":{"drawMode":0,"name":"Shaded","section":"Shading Mode"},"sceneLighting":true,"audioPlay":false,"sceneViewState":{"m_AlwaysRefresh":true,"showFog":true,"showSkybox":true,"showFlares":true,"showImageEffects":true,"showParticleSystems":true,"showVisualEffectGraphs":true,"m_FxEnabled":true},"in2DMode":false,"pivot":{"x":0.34074294567108157,"y":1.7192192077636719,"z":2.5466363430023195},"rotation":{"x":0.006261808332055807,"y":-0.12410654872655869,"z":0.0007749587530270219,"w":0.9922569990158081},"size":2.393332004547119,"orthographic":false}