{"cameraMode":{"drawMode":0,"name":"Shaded","section":"Shading Mode"},"sceneLighting":true,"audioPlay":false,"sceneViewState":{"m_AlwaysRefresh":true,"showFog":true,"showSkybox":true,"showFlares":true,"showImageEffects":true,"showParticleSystems":true,"showVisualEffectGraphs":true,"m_FxEnabled":true},"in2DMode":false,"pivot":{"x":-57.043304443359378,"y":-68.9786148071289,"z":-159.50816345214845},"rotation":{"x":0.0067580696195364,"y":0.9736313223838806,"z":-0.22623446583747865,"w":0.029131542891263963},"size":114.81597900390625,"orthographic":false}