{"cameraMode":{"drawMode":0,"name":"Shaded","section":"Shading Mode"},"sceneLighting":true,"audioPlay":false,"sceneViewState":{"m_AlwaysRefresh":true,"showFog":true,"showSkybox":true,"showFlares":true,"showImageEffects":true,"showParticleSystems":true,"showVisualEffectGraphs":true,"m_FxEnabled":true},"in2DMode":false,"pivot":{"x":260.86871337890627,"y":60.064537048339847,"z":1072.7249755859375},"rotation":{"x":0.006261808332055807,"y":-0.12410654872655869,"z":0.0007749587530270219,"w":0.9922569990158081},"size":762.22705078125,"orthographic":false}