{"cameraMode":{"drawMode":0,"name":"Shaded","section":"Shading Mode"},"sceneLighting":true,"audioPlay":false,"sceneViewState":{"m_AlwaysRefresh":true,"showFog":true,"showSkybox":true,"showFlares":true,"showImageEffects":true,"showParticleSystems":true,"showVisualEffectGraphs":true,"m_FxEnabled":true},"in2DMode":false,"pivot":{"x":-63.93269348144531,"y":-25.983856201171876,"z":118.85929870605469},"rotation":{"x":0.10304171591997147,"y":-0.2550693154335022,"z":0.027341147884726526,"w":0.9610356092453003},"size":81.12701416015625,"orthographic":false}